Time,V1,V2,V3,V4,V5,V6,V7,V8,V9,V10,V11,V12,V13,V14,V15,V16,V17,V18,V19,V20,V21,V22,V23,V24,V25,V26,V27,V28,Amount,Class
93860.0,-10.6323749061596,7.25193622855414,-17.6810718207918,8.20414440620562,-10.1665907519072,-4.51034377036334,-12.9816061559658,6.78358879797499,-4.65932958355558,-14.9246547735487,8.38914233451929,-16.4655039422141,0.33851695978655,-14.224403603167,0.556584472572111,-11.683998043525,-15.8416159780561,-5.75319975278369,3.81304079276336,-0.810146481561289,2.71535704420309,0.695602689761576,-1.13812206664164,0.459442241911828,0.386337323495895,0.522438449202614,-1.41660373652915,-0.488307035713995,188.52,1
91075.0,-1.85506070184998,1.55496360697718,-1.40580882850107,0.669327345741316,-0.280229520106465,1.17865246733203,-3.45997906611492,-2.81515495312599,1.24222876512242,-4.15635447965382,2.20944075185923,-5.12231410931103,0.66129710617156,-3.10393771952109,-2.41086973192388,-2.42501563217886,-3.96062268909989,-0.125017788038036,0.60039728842723,0.536916458029193,-0.0953083066630984,0.94662891847112,-0.297402959067305,-0.368343891207103,0.198731156287359,-0.0785905919566464,0.366709355889324,0.0737667168278096,38.76,1
93904.0,-11.3206331107815,7.1919501426236,-13.1790825454686,9.09955188204157,-10.094748875094,-2.44011507020033,-14.1843372950953,4.45250293397358,-6.24196000276902,-12.618162687238,6.05731930477932,-15.7176066468772,0.117817409556609,-8.65374335706751,-2.50255377627617,-11.2313644545234,-21.5851521412337,-9.09089206099764,1.17118873250237,-0.180934725269677,1.08223532776525,-0.350562500439559,0.483043945803059,0.661132920850802,-0.396521511995203,-0.413315388408682,-0.997547797965388,-0.235035882545031,37.93,1
129983.0,2.18077293918905,-1.84146747541801,0.0676143077813119,-1.57361504042346,-1.95422064319017,0.236662884044451,-2.07844750878684,0.164407984266207,-0.406160590692381,1.47352682859327,-1.40048358127369,-0.93823686865147,0.69623246882269,-1.03286530882557,0.575977496470416,0.288238443761516,0.0163848972467339,0.81983737875636,-0.472542599342398,-0.304043843987809,0.0619438404319551,0.622201143415506,0.241991305451337,0.463394894266862,-0.48904614443039,-0.11187861968612,0.0686253510176447,-0.0157056675747017,50.0,0
53518.0,1.13758920728592,-0.610793770365206,1.01130755244392,0.726259157963208,-1.44721998372512,-0.558740023689362,-0.6171762537536,-0.0931032095315268,-0.518615082781934,0.654760589541237,-0.582643056558829,0.287402358357058,0.531269217684456,-0.288475806447478,0.262647430046607,-1.55045682698381,0.041005682121072,1.29210196260559,-1.26152128243829,-0.39184651434417,-0.175431490601335,-0.0081727270320263,-0.0771962455330749,0.715494625139412,0.46613846868174,-0.251454514853128,0.0671398582992508,0.0504624046871424,79.0,0
122270.0,1.86510217090672,0.394507892052327,-0.642936060069466,3.72232141545184,0.556803311196319,0.676408484568712,-0.0435616620342628,0.161355132485351,-0.892785405003525,1.53671445266458,0.240587575983801,0.502725702895405,-0.303599734811564,0.203993453035306,-2.12938899292978,0.608733192003921,-0.70908794372777,-0.0800431864801004,-1.12478784454207,-0.281327901538936,0.128658145382556,0.478911376967576,0.115866790252625,0.696584468924498,0.0987872610932641,0.0472988133813085,-0.0329318296759367,-0.0540884067889609,7.56,0
149829.0,-0.707811560219556,1.49688531862058,-1.22525206924111,-0.580504070905456,0.703234578229353,-0.201345567688337,0.437035645598624,0.502897574095366,0.0255844621468677,-0.172370369403752,0.231285761783465,-0.245629018198135,-1.43969846974639,-0.260282920201211,-0.550479983790159,0.488941191144314,0.396192506944846,0.639950952631972,0.668366970918987,-0.027811568174836,-0.180086141299313,-0.568096053726503,0.258502537664024,-0.0038915177279442,-1.30547229279272,0.058637242276184,0.167858161264945,0.325919923122451,10.74,0
29531.0,-1.06067628419757,2.60857946990866,-2.97167900258071,4.36008935234848,3.73885304346426,-2.72839507263672,1.98761635466291,-0.357344707416169,-2.75753451251209,-2.33593332652232,2.11151686706104,-2.59194964968951,-1.9505893546741,-7.31157981735935,0.0777527657738322,2.29060783198994,6.50927165018434,2.56997142628646,-3.28615008214787,-0.0890615369649179,-0.0631678773494982,-0.207385284031508,-0.183260817119722,-0.103679373403096,0.896178353364318,0.407386872028391,-0.130918311231478,0.192177382137495,0.68,1
42330.0,-0.897612391760322,-0.639782874724809,1.71804604229831,-1.64055556012333,0.042526359960989,-0.73840390880941,-0.331165639722183,0.12386449840528,-1.41501320771345,0.190985617870253,0.63813963030595,0.28334775334534,0.430793779603648,-0.0289232820959412,-0.264125751157048,-0.632465068206576,-0.757324385187244,1.79370165253029,-0.988949684053463,-0.22330655093441,-0.172235664630961,-0.349271805185227,0.0961796391922873,0.0231224891916619,-0.419010783690603,0.808462558268289,0.0160101872507678,0.124318057879698,35.9,0
82450.0,1.31453919005614,0.590642763250075,-0.66659342070355,0.716564340123453,0.301977869959298,-1.12546746514505,0.388880528388934,-0.288389638013591,-0.132137450666675,-0.597738927671465,-0.325346640449052,-0.21643537583917,0.0842040799280351,-1.0546305617385,0.967932032509217,0.601226266062646,0.631116638308353,0.29507796789341,-0.136150702482415,-0.0580404050390117,-0.170307279387637,-0.429655035253663,-0.141340683112249,-0.200194626075649,0.639491494374774,0.399475692421549,-0.0343210089575542,0.0316924132520412,0.76,0
42510.0,1.27031818788739,-0.873262787517961,1.03750281966146,-0.378283366832608,-1.53575203693414,-0.255721183858338,-1.09755863728268,0.120012872305793,-0.0158301617658909,0.444003750313002,-0.29317463145208,-0.561453806077377,-0.62304702309534,-0.546323041160241,0.095504095922641,0.489286095635023,0.968786834701547,-1.70762036807536,0.175944940134283,0.0010884225041366,0.32042811521521,1.03613256054686,-0.0836945903814652,0.446796864853595,0.452014238055741,0.0071124842957808,0.0512322949106561,0.0200135142445981,24.09,0
119036.0,1.95482028170438,-0.185916923125864,-1.84597830450352,0.310642045783385,0.421885054816653,-0.809946524589754,0.481854585119696,-0.32432086764232,0.277831103595172,0.109261801224653,0.617641846549293,1.14638302392146,0.213770711951037,0.614877733228055,-0.737581006163679,-0.524248158408898,-0.511839868427613,0.185419235038015,0.335914194202335,-0.118964271459081,0.35362358842276,1.16076332232805,-0.230754061464014,-0.312424381015688,0.561260788097,0.051685790377657,-0.044998619003723,-0.0746480308001069,56.89,0
167338.0,-1.37442438802593,2.79318461104641,-4.34657205544607,2.40073141993213,-1.68843271426041,0.111136092520939,-0.922037621262745,-2.14992997529601,-2.02747375610927,-4.39084192218279,1.24195817554592,-3.91052150018815,-1.22563629923953,-4.69799687128777,0.676108304106939,-2.07706554161602,-2.68352089790884,-0.525949332550218,0.42234244481934,0.650195855719888,-0.870778521555015,0.50484915999462,0.13799426850986,0.36827456897565,0.103136654803567,-0.414208828090744,0.454981584858352,0.0967109642319915,349.08,1
129588.0,1.94045874643842,-0.856195243752375,-1.35066585267271,-0.769439746299601,1.42850033713506,4.02157252039174,-1.52176877546715,1.13622533727327,1.22011239464472,-0.007624522686843,-0.101834867930886,0.389296669927473,0.0894586779387224,-0.136574430105419,1.18127096694093,0.588168997154578,-0.722829364058798,-0.102557956512182,-0.439729493843282,-0.0749447804749623,0.0383965458216773,0.128855927651656,0.349833740682544,0.730630785593169,-0.563443765456289,0.50099517955049,0.0055075520953875,-0.042417794579563,19.5,0
56650.0,-8.7620833940977,2.79103028235041,-7.68276685719257,6.99121396498416,-5.23069545140333,-0.357387950702527,-9.68562145610769,1.74933494530821,-4.49567886484426,-7.86450647898838,4.77414774007074,-8.24589788162945,-1.33349186005079,-7.97425052332349,-0.39879894749855,-7.24434047432354,-12.7600939511044,-4.82474022298701,2.83699299496563,-0.460389538640294,-0.0905267878788197,0.34858962816605,0.0511323900482543,-0.41542987238242,0.219665266254896,0.330020364891881,-0.0282517554687547,-0.156270272972183,7.52,1
90434.0,1.84843255870069,0.373363986127128,0.269271959391459,3.8664379415194,0.0880619529195074,0.970447127520637,-0.721945223774171,0.235983234601773,0.68349097039929,1.16633490493514,1.29753126342192,-1.92096557218829,1.88504688159055,1.32322534924524,-2.04448189781674,1.31765504618758,-0.441075927559015,0.804104385470907,-1.65833855716456,-0.282777066493116,0.103562657365634,0.620953629260106,0.197076838828891,0.69239236422978,-0.206530110838823,-0.021327853364964,-0.019822802502992,-0.0426818320481336,0.0,0
146998.0,-2.0642397521399,2.62973923034009,-0.748406253034646,0.694992040498764,0.418177985610222,1.39251973416781,-1.69780121912626,-6.33306461223925,1.72418428025944,-0.887241636246378,-1.59425779202416,-0.338775118165825,-0.978064513351916,-3.68882599540221,-1.48708342266887,0.526946020771924,2.34702289955703,1.69122000470716,-0.736110693106424,-1.42448619962422,6.21551399149032,-1.27690859567394,0.459861127330875,-1.05168547489323,0.209178360382973,-0.319859444506001,0.0154338685560936,-0.0501165001659193,8.0,1
41505.0,-16.5265065691231,8.58497179585822,-18.6498531851945,9.50559351508723,-13.7938185270957,-2.83240429939747,-16.701694296045,7.51734390370987,-8.50705863675898,-14.1101844415457,5.29923634963938,-10.8340064814734,1.67112025332681,-9.37385858364976,0.360805641631617,-9.89924654080666,-19.2362923697613,-8.39855199494575,3.10173536885404,-1.51492343527852,1.19073869481428,-1.12767000902061,-2.3585787697881,0.673461328987237,-1.4136996745882,-0.46276236139933,-2.01857524875161,-1.04280416970881,364.19,1
81853.0,1.30179753039177,-1.17003224269508,-0.244465729261431,-1.51567457503887,-0.870002330368384,-0.295976111352906,-0.535384560536111,-0.100750308379849,-2.44168741749493,1.53629762473003,1.24975515279593,-0.142037101272733,0.392930427610519,0.175151617829096,-0.118222084798044,-0.646322426600666,0.562520740994352,-0.394186551849598,0.0573419367124973,-0.157470294983372,-0.390949842053984,-0.998559380799438,0.0465598883921948,-0.351427028966352,0.247605867256221,-0.427378433929668,-0.0022593668217029,0.0151414319220596,108.22,0
76628.0,-0.466142066633655,0.729215304634924,2.55700587704237,1.59762951143307,-0.628207602813709,0.207327684386478,0.291004528925197,-0.0817054281320736,0.243615839454256,0.0650835798521245,-0.915297947186575,-0.778670436134212,-1.2183472017374,-0.26767416034299,1.0228094191708,-0.877212251830532,0.43664394904762,0.493502014732116,1.63472081777301,0.139825217586624,0.100362010512056,0.628185576402625,-0.403654048216986,0.4132021633888,0.273642662749569,0.0320531941602199,-0.149748488704397,-0.138259032729403,30.39,0
55760.0,-6.00342167645829,-3.93073139597263,-0.0070454551172806,1.71466918264498,3.41466660221529,-2.32958262254194,-1.9015116901208,-2.74611109114189,0.887673207764977,-0.0492328559624844,-0.153131026660117,-0.814309846145704,-1.89479558623308,-0.83148260879597,1.38728869521525,1.18890675852063,0.536817322665437,-0.0514032140040002,-1.23138550165184,-4.12818582871798,1.10167131666753,-0.992493706726384,-0.698258928361953,0.139897673540465,-0.205150795631722,-0.472412262665941,1.77537805651063,-0.104284625925588,311.91,1
46057.0,-1.3094413460044,1.78649494921925,-1.37107024042555,1.21433549160762,-0.336642221570741,-1.39011986486896,-1.7091091066305,0.667747590382643,-1.69980879955917,-3.84391103993778,2.96259879138962,-3.95604520140947,-1.53923191944683,-4.63463139323434,-0.248403490673103,-2.05855138409951,-5.63549400383391,-0.775271204300359,-0.23930965408033,0.253464129147281,0.533521286327158,-0.0221799534199139,-0.299555851230085,-0.226416167090146,0.364360460778096,-0.47510178544057,0.571426303828437,0.293425836896259,1.0,1
149148.0,-1.50288873203388,-0.887739931693246,0.585543711986008,-0.752828324815095,2.47422614876654,-1.77096215372199,0.0324026332913449,-0.0115437200523746,-0.0531381003940893,-0.764978320309254,-1.82291648504073,-0.437192803350135,-0.605570663177263,0.315793508452282,-0.499940589174575,0.28154285127364,-0.769633500718992,-0.394368330343023,-0.188429787392463,0.216058128654082,-0.137966333902607,-0.911843426618155,0.12362642565628,-0.744836160797249,-0.0825012560293404,0.138790052163593,-0.0203473116975251,0.15277149731716,1.98,0
114003.0,-1.27886525584602,0.566725431221509,0.543100784986035,-1.23363429442673,1.96107738303644,-0.452520722935452,0.877219492911011,-0.0424976343880686,-0.17100196817439,-0.731454565182167,0.340595003571595,-0.657633633251024,-1.69806848728081,-0.778338614809553,-0.795488538778385,0.801151597582886,-0.184396380300585,0.574257260057492,-0.0047924135069736,-0.0406713583873039,-0.477685389881014,-1.24696828158174,-0.499126386694384,-0.03351093635954,0.601182720403026,0.210584057849536,-0.0377409479756682,-0.149132535014992,7.99,0
158638.0,-5.97611932262173,-7.19697963053735,-5.38831591092631,5.104798647287,4.67653286692543,-5.56687006039983,-4.29118042196746,0.876530560032016,-1.07547808735089,-3.27256917385192,1.1682159434835,-2.13473197122041,1.12831321986543,-4.56600986017187,-0.126950406755583,-2.82698551177892,-2.86574970146517,-0.912934238200631,0.421144082740547,3.13633813209484,1.45936905794799,-0.13626168712612,0.848177173598492,-0.269916379777294,-1.09505960437355,-0.710905241951938,0.565846302250925,-1.03410718662341,296.0,1
154352.0,-0.875346864815914,0.645340252246518,-1.26778679804039,-2.34385775441206,3.49133866863605,3.080201487247,0.725262280360381,0.782234370104201,-0.241907611348626,-1.27389242022367,-0.018316982161568,-0.218000853584589,-0.562654540304943,-0.824527238294068,-0.499613836744886,0.594692534985488,-0.0740622361952992,-0.476167737290998,-1.38769626844896,-0.319979978763855,-0.269983006959495,-0.877872338846028,0.15879128855197,0.588344737254388,-0.287529949096467,-0.0343398792919708,-0.133972544278009,0.130334678504307,13.99,0
130252.0,2.25541526630162,-1.49263924913123,-2.89713770186462,-2.68746645176955,1.52636606126447,3.03216057829492,-1.12513432856858,0.622149263599259,-1.9107365355147,1.66926713798538,0.0254435129581397,-0.805232785061396,0.302401050868599,0.20864410808754,0.504050722112778,-0.722782726751198,0.373965270288669,-0.549217118316179,-0.231157615759773,-0.289857797266213,-0.290489940604863,-0.621101138526112,0.302454351367265,0.659270620406477,-0.152725456810058,-0.29628837899969,-0.009959691422484,-0.0571810158557674,52.0,0
8528.0,0.447395553302475,2.48195386638743,-5.66081393141405,4.4559228120932,-2.4437797540431,-2.18504026247234,-4.71614294470093,1.24980325173147,-0.718326066573691,-5.3903302556601,6.45418752494833,-8.48534657377678,0.635281408794591,-7.01990155916612,0.53981407134798,-4.6498642988132,-6.2883575087823,-1.33931232244731,2.26298478762517,0.549612970886705,0.756052550277073,0.140167768675,0.665411100673545,0.131463791724986,-1.90821741154788,0.334807598686864,0.748534284767756,0.175413794422896,1.0,1
18895.0,1.24533658991321,-0.273575908149224,0.683713454365785,-0.766522857532907,-0.472246046876152,0.190399197200019,-0.682181602700452,0.0208461968816207,3.01757857184735,-1.52566215217805,0.140249922603644,-1.45914023576534,2.66174744665277,1.08069754352832,0.745962928289283,-0.56257863513495,0.508369384008138,0.172654155074422,0.300443135359576,-0.0922082397281619,-0.172926799385213,0.0598865595477234,-0.119483106014346,-0.790592369297953,0.543437384365016,-0.647129812397719,0.0864504717479027,0.0207318264007353,11.85,0
154657.0,-0.679520574101316,4.67255275192187,-6.81479843997791,7.1435001202707,0.928653839059275,-1.87301315334323,-2.30668902092068,0.993701927710531,-4.94405415592679,-5.57641879575659,5.78365443891613,-6.11770391144604,0.61416484095298,-12.451498657048,0.42715247782648,-2.2558538072409,-2.12802655387511,0.706765028987081,1.09382579750391,0.872005531266124,0.566848531943877,-0.321691497752809,-0.281324568300744,-1.12025603826283,-0.0733943446607603,0.553530429860346,0.760541928111246,0.386741821030101,0.77,1
154024.0,-0.348468108777937,1.07170766832043,-1.98656971696683,-1.59970623710211,2.91507246899076,3.16960514951662,0.186222265443771,1.14004714644514,0.0093311910994356,-0.504684542751793,0.102230270503693,-0.0785510218174002,-0.397615052037481,-0.714486402603193,0.161444460446133,0.232884607187233,0.40860375953075,-0.381299381014573,-0.430174020795183,0.134521351160301,-0.374741762293092,-0.913435934076507,0.134546119813084,0.5883284567565,-0.375640909569312,0.142720660194192,0.0627579183680741,-0.155083248387361,1.98,0
70704.0,-0.840298150285633,1.15616256744971,0.0937076557955543,1.10256308821602,-1.25524747818807,-0.103896153004943,1.71466844378959,0.0348683312659132,-0.551836244752462,-0.368536623732112,-0.828506994348719,0.288159833871483,0.312225800879958,0.380933451347255,0.0442840108190298,-0.592542769196337,0.211946960894087,-0.144673368890918,0.61991529581698,0.033609775293987,0.12403354525027,0.559284846070687,0.139675623413516,0.416876926403047,-0.301300866103304,-0.332193657772446,0.31078050235441,0.125637529403755,283.91,0
81372.0,-0.88525408859895,1.79064923163963,-0.945148961205205,3.85343274655953,-1.54351007486649,0.188582114329739,-2.98838275644296,1.34405855095688,-2.29453470924744,-1.88617599041763,1.90428359307622,-4.00241403073237,-0.936955588407958,-2.80191542309724,0.798328052783254,-2.34873992555213,-6.42673430721498,-0.827308425201024,1.73238175785046,0.370040520565647,0.746159905151139,0.550802011985416,-0.0348823420887786,-0.56760840448119,-0.528317952733951,0.258782456503747,0.506892694941992,0.176735548819463,7.57,1
68202.0,-1.12789970248559,0.749964399035807,1.59989267484621,-0.556755953122096,1.52093242669772,-1.55763412887586,1.48484000444587,-0.506063036985641,-0.844074020299155,-0.809160421144274,-0.395996220807444,0.505529960181132,0.938953829482435,-0.073016584461659,-0.570514098234749,0.166656881239882,-1.06708296041581,-0.557371347010898,-1.75351429469424,0.0059607231766901,0.0510704304968396,0.129122268940802,-0.454151925139596,0.414807625826413,1.0276863672324,-0.571980454235597,-0.195311824567854,-0.167534794934252,0.89,0
46149.0,-1.34650881762975,2.13243062687771,-1.85435531823997,2.11699770636107,-1.07037837875552,-1.09267135682306,-2.23098606430574,1.03642490791919,-1.89551573571367,-3.36401057980002,2.88704787664695,-3.78445965821089,-1.28890425847532,-3.98562600822203,0.531838297985603,-2.60370264991872,-5.15759639749234,-0.696010004579956,1.28596139472532,0.221918669151309,0.609508181503446,0.202874284952422,-0.0607913872259794,-0.186733353366053,-0.0174012274970924,-0.283751034119116,0.395451049081013,0.233138575967241,1.0,1
39411.0,1.32197869570702,-0.575195465659831,0.395503410710055,-0.551812648075679,-1.17234488601789,-1.03615163993916,-0.417695816571423,-0.228769752797668,-0.819610105594849,0.664582858885129,-0.508754125710815,-0.234832219022152,0.160393724037626,0.126382810115988,0.994191659189235,-1.16302302287649,-0.0649714223609736,0.886025666644818,-0.768040506226172,-0.410389489652245,-0.468704866684149,-0.977936022323078,0.113434525485654,0.396269278978682,0.0775036838145536,0.901030068656141,-0.0630111192738049,0.0171331292367211,43.89,0
35585.0,-2.01900071938148,1.49126972926361,0.0052218157286719,0.817253270463702,0.973252233873376,-0.639268312778292,-0.974072997078786,-3.14692889107659,-0.0031590736890201,-0.121653217684609,0.0243696057661544,-1.07381224038496,-2.00276910919169,-0.895433620751722,1.74893630108012,-0.103527023620705,2.03119574973193,0.31759835677742,0.38676063692414,-1.02996468249782,2.83959610796444,-1.18544284096841,-0.142811875801854,-0.0861029384113329,-0.329113253522425,0.523601226377288,0.626282771397878,0.152439938058669,0.76,1
27187.0,-24.5902447690465,14.0445667815106,-26.2787005866145,6.32008926518927,-18.2245126736673,-4.60996782569686,-17.6810033715155,16.2136267471409,-3.79409346877414,-8.37275316035861,4.90168265513877,-6.87283866404082,0.769776762734501,-6.82658448658054,-0.0544341798176028,-6.08495266503583,-12.375270529796,-4.81034474126699,0.936742237936608,1.64920202229571,1.77706277243531,-1.80487368611576,-1.14060456917063,0.152234466415679,1.71599702403257,-0.22047119903665,1.43495058143483,0.422491857762666,99.99,1
32345.0,-3.21754308226548,2.45386898165513,0.450088038079514,3.51323715050706,0.825451689430049,-0.168210651359426,1.09147813600429,-0.582235723714144,-0.186056157196958,5.23305969693761,1.39496193708168,-0.334004205593149,-0.434946466057184,-0.467179828281365,0.198246518998255,-0.131641615140078,-0.610046647261656,0.0977062332662583,0.513840553127339,0.56299142904632,-0.413716679960662,0.286533737037498,-0.0584813126348542,0.314777719171125,0.116800261017336,0.176101178161424,0.389827386210765,0.43172416810502,21.99,0
44022.0,0.647704399569957,-2.5039052592163,-0.0607408974917158,-1.31233274747936,-1.61972941755861,0.400628125844156,-0.759467727577713,0.0829589148703388,-1.89799298413344,1.36407332433048,0.763015267801218,-0.655567622812896,-0.0891766754690501,0.0403210183123199,0.486711000608025,0.0044425628807575,0.256679362129882,0.359766129719439,-0.17958432093937,0.492383394337229,-0.0868082471170271,-0.89061775766822,-0.252644474975439,-0.724637465707285,-0.0591996524567579,-0.397580911300275,-0.0296023647053546,0.0812544816593942,435.7,0
37314.0,1.43845005461184,-1.10818642091788,0.765152066523757,-1.18335382735536,-2.05669474448339,-1.34516362362115,-1.04420783845574,-0.1479074429224,-1.59091326280584,1.46222979875481,-0.242669654876703,-1.62902345166239,-1.43803651573886,0.0933324398365358,0.825664621263186,-0.336101212797911,0.772680944801075,-0.183291288187733,-0.348117725169007,-0.429630676854501,-0.430672601442512,-1.03193569407748,0.286432652760196,0.79895471335999,-0.0212412889162666,-0.508494428079384,0.0210431478668891,0.032514581563394,30.0,0
85120.0,1.23172657403734,0.31078253956583,0.080446393847431,1.14019955543765,-0.242848854011754,-1.10090889448574,0.324533779827225,-0.230296275074124,0.0284053021035049,0.0484248981982461,-0.563229997613851,-0.367683921727285,-1.11447950760853,0.692141702242618,0.896058917294891,-0.0301754215775224,-0.295085237419331,-0.171427671074796,-0.279415529113676,-0.194687654714044,-0.0345001898665895,-0.13409370100772,-0.0919135467566646,0.352602904786879,0.686941214845208,-0.355456980841185,-0.0058399122476266,0.0164902419707089,16.3,0
31054.0,1.45900811813266,-1.14424286797837,0.673747838239018,-1.30525722552206,-1.85058868641835,-0.944948502605085,-1.13035659624963,-0.113863690214598,-1.55723767661125,1.4399618219501,-0.633875435705874,-1.49033160048336,-0.687534324787364,-0.132358785598779,0.890525045361324,-0.129225144932901,0.496687013599174,0.0692358144305354,-0.238819402085529,-0.357990903484439,-0.369531447983478,-0.821023284572159,0.174704287067773,0.29486468366473,0.0816899529510391,-0.408069013473166,0.031006766231938,0.0309603688900982,35.0,0
68207.0,-13.1926709562391,12.785970638298,-9.90665002092758,3.32033688288942,-4.80117593230105,5.76005855618556,-18.7508891580107,-37.3534426378925,-0.391539743919107,-5.05250236713858,4.40680552357904,-4.61075647740608,-1.90948796970811,-9.07271093398351,-0.226074450896345,-6.21155748212485,-6.24814535335983,-3.14924669470095,0.0515761185277783,-3.49304991519446,27.2028391573154,-8.88701714094871,5.30360690376998,-0.639434802306313,0.263203123457008,-0.108876929971315,1.26956635541013,0.939407362758877,1.0,1
126959.0,1.79539615923032,-0.679893444620136,-2.01714866080065,0.373529849994747,0.156961626755605,-0.647662178182199,0.356175851981168,-0.0855730539603803,0.505214977802203,0.297301443176347,0.356617705629511,-0.564137131433259,-3.15531328120833,1.24776221779895,-0.752709429604872,-0.305375607483712,-0.0879490513832101,-0.0162582369163245,0.395113741590516,-0.129222869853553,0.0981821263014632,-0.0048402388865506,-0.0024301928556967,0.698182288251916,0.0611975478636411,0.552722088458653,-0.150156690198019,-0.0659770311053646,136.0,0
142570.0,1.99594739408916,0.131800267136357,-1.74939503437275,1.19037825384325,0.65859884262665,-0.596223994682745,0.536748402402904,-0.242392422047261,-0.0129330235822923,0.426883152671855,0.34861639185313,0.815962889850993,-0.399881964176564,0.73315367982157,-1.17524841006104,-0.419650862211082,-0.515077851381652,-0.0180180641211996,0.214117770922641,-0.266947081125385,0.0795817447772483,0.398302703896795,-0.070233632504088,-0.46344017733149,0.473631478167978,-0.482762495265683,-0.0215471052193327,-0.074904873424306,17.82,0
92092.0,-1.10847821852891,3.44895257232738,-6.21697180605649,3.02105161812575,-0.529900931709915,-2.55137517507643,-2.00174290819286,1.09243237369483,-0.836098368778531,-4.09564897273592,2.42595071598052,-6.06726194524698,1.83243272022382,-3.50170251648822,-1.00400820464185,-3.5012811030282,-2.941876323532,-1.12574106196719,0.37371480785248,-0.0685983809223332,0.825951491439622,1.14416978988846,0.208559481945769,-0.295497424488562,-0.690232196243341,-0.364749075788586,0.229327220125504,0.208829891689567,18.0,1
155288.0,0.189727866560077,-3.38954013898479,-1.93483047005889,0.593070766001237,-0.310143575210923,2.11122424083906,0.396798175923503,0.383007572040431,0.827281898129946,-0.432787456431434,0.71932283330683,1.00699120955425,-0.282058407290824,0.380588898246457,0.147765321837236,-0.241145619938398,0.112277637446111,-1.20409702151743,-0.527651818153986,1.52550895863598,0.178944941643566,-1.30570192750058,-0.267148100599636,-0.932573051132225,-1.10085629521468,0.133896364250625,-0.172111115096315,0.0849957054555459,888.61,0
28726.0,-29.8763655139763,16.4345245512223,-30.5586968214292,6.50586178736296,-21.6656542956569,-4.94035632949796,-20.0813910746494,19.5877726234404,-3.59149104711596,-7.80059820772759,3.94783971729026,-5.4879114860488,1.36994034924206,-4.82955244300835,-0.134412095441135,-5.12116240451142,-11.1181904509172,-4.65995586983801,0.608930080519071,1.72477883837961,1.81295397464878,-2.23225158753151,-1.41280344282556,0.178731069561437,2.15604185816706,-0.20938462411377,1.25564890085966,0.364530452975509,99.99,1
56703.0,1.19704827379311,-0.516516872267276,0.445304982112958,-0.260483755061885,-0.645503946197992,0.126350851501844,-0.509841837284006,0.080491811686955,-1.26200804692374,0.817987332213451,1.25433044430322,0.970095219782201,0.980227335428427,0.184030205990991,0.45450882174139,-1.15045007307155,-0.300066524447989,0.906310411328659,-0.83866347704525,-0.371207559025782,-0.572872789666697,-1.29654730338537,0.188383280966876,-0.340980840875313,-0.0403203488640702,0.0586746808532907,0.0067453855218606,0.0203075527661847,56.19,0
145557.0,-3.02186974727536,-0.833332491521625,-1.39480085533396,-0.336336181083527,0.431524108422639,-1.29571002018054,0.123993235385861,0.494168310589218,-0.345861752884795,-0.181469286354305,0.29217980898693,0.872068238330771,0.314264866487003,1.0142461910837,-0.379769492340429,0.775961763074348,-0.703100206809093,0.478771292507162,-0.0533885350796992,-0.652654389794301,0.196372292195218,0.884796660033624,-1.23771709070107,-0.121138871675561,-0.702631364921156,0.667778630082871,0.821542533285595,-0.624247178897092,216.59,0
116572.0,-0.0603018544445645,1.06509322305841,-0.987420659335406,-0.0295669263015174,0.176375675350251,-1.34853873778122,0.77564426910357,0.134843223191443,-0.149734361017963,-1.23859782964672,-0.841133375918552,-0.586472388837541,-0.779619560269976,-0.436671254631116,0.747870869919611,0.266437282992763,0.703234120274037,0.916719418481688,-0.189966700503994,-0.169705933860406,0.355575901074426,0.907569764864002,-0.0184544448103831,-0.12626947334561,-0.339922557140574,-0.150285486710832,-0.0236339772764892,0.0423297321766305,57.0,0
52222.0,-0.82015895242394,1.5338162913775,0.34826800223488,0.959055981911671,-0.803733819954847,-0.505717647111305,0.229738803509968,0.679652914275893,-1.25365269681248,-0.38942344175954,1.28973337150272,1.54678039765312,1.13043010002686,0.89326123082119,0.122459578492314,0.0718233406556833,-0.126968707745992,0.452459395459543,0.539769826766716,-0.189845269070848,0.304264778988978,0.64976655068413,0.0373228240072749,0.576146694305845,-0.134947963212036,-0.370888270968927,-0.273767722294868,-0.104778520535664,70.65,0
61112.0,-0.817836912666622,0.859583978811558,1.71541978735947,-0.536329508854947,0.456756522555013,-0.931950155003347,1.00167427089222,-0.398503219093417,-0.0422055106977803,0.11993363485756,1.57563496617451,-0.0548926962161365,-1.18884061763238,-0.51078901833308,-0.0668743362047171,0.614899625197599,-0.591916719044328,0.284902535315091,-0.517093152467177,0.0513279713197895,-0.259052407299744,-0.527169036139306,-0.0998633936974024,0.45403854099405,-0.464156722327639,-0.17906517965582,-0.287557752457523,-0.240537105514759,3.59,0
111675.0,-1.2104755863878,-1.18607738341811,1.11594940389539,-0.202103250544469,0.234418371122772,-1.01453676204811,0.338384649603078,0.0800205683549004,0.533067912704854,-0.97396585251411,-1.11669462757997,-0.405257400484153,-0.846176821433689,0.166103372610589,0.747668885965569,0.459407022992626,-0.718979812055992,0.280403572641957,-0.40615421651468,0.537181811639383,0.0899174624586889,-0.479130121054584,0.692103848922618,-0.132879982495323,-0.0751150670558421,-0.610494665686763,-0.090292023137925,0.0294324210326921,219.0,0
152036.0,-4.32060921481281,3.19993870654465,-5.79973605389345,6.50233023566696,0.378479252807864,-1.94824637096657,-2.16785950480668,-0.728206711605414,-1.97723831745674,-3.47341070390428,4.56919375212135,-9.32115263136084,-1.59251765115386,-14.2668362798028,0.467776602458787,-4.06620855488173,-6.62696817708246,-1.43715841938037,-0.215409738450978,-0.263686068021973,0.47666042483552,0.434278328284482,-0.13693991841301,-0.620071695417129,0.642530576414265,0.28071734804164,-2.64910674899003,0.533640939848599,1.0,1
100409.0,-0.342387450670689,-0.196129325363074,1.20125394393227,-1.32741937816825,-0.741833386420704,-0.570305858081961,-0.57423481781964,-0.228333122939884,0.95840653128544,0.249668796465746,0.178576864581711,-3.33890785936838,2.05272992255368,0.782320403242885,0.0789961464395472,1.39480362585509,0.590052546261606,-0.560052273976979,0.258708198797462,-0.165678263853772,0.286211747545898,1.04843921730299,0.128622830225034,-0.0541824447966528,-1.68906710272881,-0.481259377758317,-0.0633102476520805,0.324557558543426,49.83,0
150139.0,-6.68283191622627,-2.71426804459821,-5.77453045690806,1.44979237466742,-0.66183640822251,-1.14864974026029,0.849686456067088,0.433427022470355,-1.3156463890999,-2.79633153858609,-0.448793725596362,-2.56260240774572,0.243482526844698,-1.18166939064494,0.004372871675287,-2.3025956900034,-4.446191868553,-1.71046314846621,0.982728632705372,-1.92852719254856,0.22052629481591,1.18701320438743,0.335820816532534,0.215682964100827,0.803109991522633,0.0440333423786634,-0.054987627978561,0.0823370925160337,237.26,1
154199.0,2.25673217669296,-0.588982045310055,-1.57396452783828,-1.06594550672878,-0.0831828178519488,-0.809650381192959,-0.263420904421542,-0.405068036103851,-0.750912135404039,0.828944405885446,-0.6619346254895,0.0339849788200688,1.77491255814455,-0.302225300532665,0.227889123350694,0.927619540655846,-0.0732348487280038,-1.35095155527803,0.540861407965013,0.104436413113942,0.424606812191729,1.28257174155709,-0.0345175693075613,0.574734446978733,0.314461635311958,0.0463908036289523,-0.0347787853634415,-0.0582516776126534,15.0,0
141320.0,-6.35233691096656,-2.37033515007664,-4.87539667887196,2.33504453116197,-0.809554897212021,-0.413647316208307,-4.08230817063438,2.23908947335972,-1.98635950470675,-5.16533081830893,2.94293916487767,-4.12572224190365,-0.433094395260294,-3.5181311704857,0.420777387095712,-5.10447983930312,-7.9253889983055,-3.41570671508705,0.71833237368083,0.186898304507656,1.32521840044042,1.22674487561089,-1.4852168616857,-1.47073226048821,-0.240053392971609,0.112972036960476,0.910590643802817,-0.650943712766886,195.66,1
12093.0,-4.69679522444504,2.69386747884008,-4.47513271259153,5.4676845487781,-1.55675807549758,-1.54942028904253,-4.10421487278526,0.553934075416293,-1.49846813107494,-4.59495176285009,5.27550585077254,-11.3490285500915,0.374549235103921,-8.13869488434773,0.548570894168134,-6.65359434741365,-10.2467554066001,-4.19106626655491,0.991486122257293,-0.158970548660611,0.573898081112651,-0.0801627753981571,0.318407817148194,-0.245862202650853,0.338238431564141,0.0322706213908033,-1.50845793363219,0.608074682590101,0.0,1
166028.0,-0.956390354534089,2.36159360978361,-3.17119460723168,1.9707587789256,0.474761353851904,-1.90259820435779,-0.055177812186404,0.277831228585655,-1.74585416512772,-2.5166280017922,0.874051625366684,-2.51310432869389,0.0215750823066827,-3.56511884467947,0.461153428310475,-2.01571274629308,-1.7314131905532,-0.465814727140309,0.527619755594392,0.19087690343816,0.4732110860249,0.719400298090367,0.122457847823505,-0.255649852132098,-0.619259299031992,-0.48427999484406,0.683534592892906,0.443299499267762,39.9,1
26585.0,-19.8563223334433,12.0958932259299,-22.4640827464876,6.11554110191771,-15.1480215209615,-4.34672408349599,-15.6485074722661,13.2768048056341,-3.97416161954102,-8.85919405880884,5.73081553744459,-8.08803351213651,0.230824969324902,-8.57897327333454,0.000946636693186,-6.94774606726094,-13.4728970076501,-4.94021082886802,1.23014255193802,1.58292955492187,1.75072984045421,-1.40963570908141,-0.809809278333882,0.121396659905885,1.35030007077468,-0.224291873525585,1.59762136835254,0.476919818025438,99.99,1
124267.0,-1.08399499439808,1.08309286759087,2.0856009366447,2.01970771709777,1.56119852257689,0.060076241648903,1.54141956438372,-0.361699244261871,-1.10751672129601,0.606601219616606,-1.83929153545141,-1.28139858764593,-1.38571721570657,-0.442458166792959,-2.23655575101718,0.706956535404247,-1.10636716560445,-0.483206290025012,-2.49901591424804,-0.215294905103307,-0.0238243189443409,0.142825810076775,-0.629332404407952,-0.210890996504913,1.00572712971495,-0.0148954593875829,-0.523347139444959,-0.362877665266896,11.76,0
28692.0,-29.2003285905744,16.1557014298057,-30.0137124857248,6.47673117996833,-21.2258096535165,-4.90299739658728,-19.791248405247,19.1683273897301,-3.61724178604255,-7.87012194292549,4.06625507293473,-5.66149242261771,1.29295014454242,-5.07984568135779,-0.126522740416921,-5.24447151974264,-11.2749725851252,-4.67843652929376,0.650807370688892,1.71586182428358,1.8093709332884,-2.17581520342142,-1.3651041075509,0.174286359566544,2.10386807204715,-0.209943999130567,1.27868097084218,0.372392714338541,99.99,1
71033.0,-3.17081841545902,0.185734554774403,-3.39985157931162,3.76115529034876,-2.14804702797609,-1.59894442520531,-2.51956531805231,1.31621501070214,-2.40010611621824,-4.99341703829647,4.44719176626515,-5.29376010254684,-1.41957829927441,-6.42527621352443,0.914083034195792,-3.51519716625381,-6.34745330751181,-0.90351216582405,1.19160626766329,1.93225372509724,1.09205113380931,-0.0410804286307278,0.904395217733676,0.180015601586537,0.0499703397242655,-0.257099837784436,0.859281566487016,0.225924185725605,426.4,1
163300.0,2.05521648152278,-0.828343115726232,-2.85725217548907,-0.644722955986725,0.492604347796769,-0.782742202593682,0.482505618892342,-0.389004118333771,-1.21607173042497,1.19233634809624,-0.0155010017610304,-0.405873037369235,-1.18803516201045,1.11294597930933,-0.856360041182577,-1.84037181880282,-0.200015969730299,1.47582148053635,-0.190301792193716,-0.448565292613394,-0.0435007628959906,0.149512698929488,-0.211610646074196,0.2382075624536,0.482471618782178,0.99191814938871,-0.159419908298028,-0.0847317553768429,114.98,0
125612.0,1.88961791435199,1.07309853428207,-1.67801752213825,4.17326819444992,1.01551580609762,-0.0093890345376856,-0.0797056036973578,0.0640708218352963,-0.714516675807338,0.0422275201898101,-0.408402781057003,-0.929370065771482,0.0586863166856154,-3.51284546122181,-0.164612974126633,2.06985302474878,1.7333815808837,1.58075796212324,-2.33518537609962,-0.15357026465285,0.203727978494943,0.733795720552592,-0.0365597489616082,0.334305770703597,0.147171035637962,0.279556488222951,0.0316687807243937,0.0358833226413502,3.22,1
85285.0,-6.71340697159693,3.92110415204576,-9.74667821737542,5.14826254938013,-5.15156271985187,-2.09938865681113,-5.93776683170198,3.57877960420447,-4.6849517505833,-8.53775768653457,6.34897930341209,-8.68160893168352,0.251179384774619,-11.6080022570993,-0.351568782034355,-5.36356643348466,-11.9390915052116,-3.58360287020043,0.897402406121681,0.135711322729059,0.954272201927517,-0.45108644858101,0.127214424071711,-0.339449869297565,0.394095513633807,1.07529509891805,1.6499059092424,-0.394905372194808,252.92,1
149582.0,-4.28058383167792,1.42110000741665,-3.90822884348162,2.94294608011161,-0.0762053360306411,-2.00252600045019,-2.87415473251562,-0.856005441485914,0.963674230223562,-3.23543895742654,3.34180192747217,-7.56286042898412,-1.8474434271558,-11.5714234295766,-1.4815558418284,-6.18091869945618,-9.28518598266033,-3.92172214129965,0.685510860299876,-0.198962780003302,-0.140061995134615,-0.90772022005271,-0.680107948583095,-0.349169892929711,0.0562758915123628,-1.14992266869478,-1.80988612030864,0.723051433275673,1.1,1
93853.0,-5.83919161928092,7.1515323543223,-12.8167600806187,7.03111476501099,-9.6512721679897,-2.93842725771624,-11.5432071690832,4.84362653179436,-3.49427572506535,-13.3207888671784,8.46024444901677,-17.003289445516,0.101556614891384,-14.094451660329,0.747030766392512,-12.6616957230679,-18.9124938172188,-6.62697484523061,4.00892074227194,0.0556838813863639,2.46205591127559,1.05486518382957,0.530480596078193,0.472669814042592,-0.275997967880675,0.282435024801752,0.104886020210564,0.254417096767513,316.06,1
66883.0,1.21772427452892,-0.627781182317182,1.1942833179904,0.605758479046562,-1.29052066486498,0.380356513383686,-1.09442608955678,0.269765576613645,-0.39771945229836,0.839999178174622,0.295282277370183,0.51400673450094,-0.12589572158203,-0.251582560464149,-0.64157192491294,-1.07017726667313,-0.353112663549583,1.93130483759935,-0.612779711589835,-0.524200568830147,-0.393476782515184,-0.544247242132135,0.0214428437901598,-0.0605209830407918,0.293121981962513,-0.387737532228316,0.0878677763427217,0.0306242153113783,21.1,0
155662.0,-1.92861326665902,4.60150558710842,-7.12405297794577,5.71608803673092,1.0265785454506,-3.18907306708797,-2.26189690158112,1.18509635557546,-4.4419416151592,-6.64615382952148,3.8278680907164,-6.51864882248249,0.25113654845891,-12.4567059527055,-0.649166482109423,-1.28314500024635,-2.71855972503703,-0.0854660890712058,-2.09738547120766,0.328795983029392,0.602290585417557,-0.541287465014078,-0.354639278954951,-0.701492058320209,-0.0309729820836431,0.03406987758686,0.57339303199888,0.294686316081238,0.77,1
162190.0,2.06410682423571,-0.0063006483979635,-2.83953230669774,0.0946347617701495,1.18488633458529,-0.906391090519592,0.973284551164135,-0.453408045689368,-0.0715726441114697,0.226887697032482,0.0306620588798534,0.438634524457822,-0.517819079920205,1.1260398749418,-0.663427536043083,-0.596173011013553,-0.623084848446065,0.251130997534148,0.665916155046435,-0.17102890478293,0.309982799010311,0.975690705467924,-0.38264318724242,-0.971962596576067,0.8832216965797,0.164851177045371,-0.0898304344558298,-0.0986249569341703,50.2,0
27252.0,-25.9424344479142,14.6019980426299,-27.3686502881266,6.37839460769688,-19.1040334039646,-4.68480620428185,-18.2613929340355,17.0525663121462,-3.74260500983864,-8.233721369876,4.6648362538527,-6.52566786025865,0.92375858946558,-6.32597461208273,-0.0702237027595964,-5.83836021908828,-12.0616957125199,-4.77334851403019,0.852969608454831,1.66730429040185,1.78431598423494,-1.91775921336107,-1.23578743924962,0.161104731783341,1.82037804128869,-0.2193590586868,1.38878576213598,0.406809649908512,99.99,1
41194.0,-7.89688615307576,5.38101952251685,-8.45116161458266,7.96392808742307,-7.86241943013129,-2.37681997521459,-11.9497234569249,5.05135567269165,-6.91207600938549,-11.589748311433,6.64520072606617,-13.542095596465,0.888247918839909,-12.623316046432,1.00275519562895,-12.4322791426353,-23.2415971479491,-8.49529893803197,3.45394255518458,0.645974321869431,2.55794395644985,0.926277883497588,0.0327949396062788,0.638072585685807,0.361887213739485,0.444576520477986,1.10192314818996,0.205958012508108,1.52,1
169142.0,-1.92788332105459,1.12565266367046,-4.51833064132991,1.74929253346589,-1.56648729197754,-2.01049423115212,-0.882849830858081,0.697211109261327,-2.0649452874475,-5.58779378195338,2.1157951772133,-5.4174240819973,-1.23512263142388,-6.66517689463338,0.401700686738171,-2.89782511671737,-4.57052943365069,-1.31514721385427,0.391167040935071,1.25296673470361,0.778583978950071,-0.319188818860513,0.639418961153121,-0.294885040380029,0.537502535542985,0.788395056528708,0.292679966295281,0.147967928722538,390.0,1
61972.0,-0.303047771865808,1.29682847097134,0.721236872527861,0.997836574641761,-0.181849410071502,-0.785637639662513,0.527266598720417,0.16439388135759,-0.94482661635573,-0.428849098103784,-0.372304500832757,0.914325395079748,1.68315526403305,0.311508880538964,0.807028048073229,-0.219357992746152,-0.132076288026833,-0.0680814566801216,0.327218465430321,0.0015875319851177,0.202527353623394,0.549480526374153,-0.0328150504782532,0.437121203670161,-0.0731638850439513,-0.33382118793152,-0.0395864430315725,-0.0134998381050304,27.22,0
46925.0,-0.481531150954278,1.05954227713479,0.647117402910268,0.905586233912649,0.81936824001549,-0.0911835663506086,0.504134851323607,0.161064336313081,-0.765053776949662,-0.55054534794377,1.48028602025778,-0.105359122514952,-0.804841454759319,-0.819901849432008,0.916881766469427,0.201150538864914,0.874890632270019,0.941476678511478,0.272698476205832,-0.0425151328862889,0.0706328691882125,0.192490772493404,-0.174659253437827,-0.438908072947488,0.239258996609831,-0.217823405004998,-0.0728522476980958,0.0104633125817071,1.0,1
101597.0,0.91311613528992,1.1453810871791,-4.60287793273505,2.09180337375362,-0.473223859280585,-2.0854358325571,-1.67124403232231,0.0943965856348779,0.337798765397573,-4.4318096317282,4.87197985976052,-5.39522117678937,1.33250215621937,-4.60379669207464,-0.77731354811867,-2.57189156103509,-3.00361530529652,-0.225441388417525,0.252273565031692,0.50898474829098,0.40141574109896,-0.0849334160429759,-0.197684434494785,-0.283271078982557,0.387597335722074,-0.553526986386025,0.516274456782261,0.270828187083758,147.87,1
41413.0,-15.1404496225073,7.37804241221284,-16.356367356494,9.19493491430021,-13.4661632895942,-2.95843050082103,-16.1655386244192,10.0752539455532,-7.90182112627786,-13.0094028057641,4.82823533219729,-11.0584014244364,1.99812557552295,-8.59204740189288,0.540385309176116,-10.6157452968661,-21.0178983428443,-8.39739305199317,3.18355894967976,-1.69148198782553,3.14742810473234,0.341677595071206,-1.15016247089952,0.795189734964946,-0.194542181109758,0.145963568626439,-2.45868034756574,-1.18988788135128,106.55,1
12597.0,-2.58961719821269,7.01671438495857,-13.7054072869097,10.3432280604117,-2.95446103475574,-3.05511578527804,-9.3012886151434,3.34957336071614,-5.65421202641103,-11.853866972601,11.6692047358121,-17.2286622386187,0.0555715664836118,-18.4937733551053,-0.304172113519045,-10.6294973901353,-14.4412111342765,-5.10548646597228,1.2702262705049,1.48885519236896,1.88773772551451,0.333998184533223,0.28765904061745,-1.18640640906644,-0.690272670076388,0.631703772210546,1.93422076005943,0.789687172212655,1.0,1
123701.0,-2.1093100245181,2.11642110055654,0.589708998350573,-1.84614860833976,1.07713631048595,0.305641782902389,1.41960548077194,-1.05119675662111,3.06497784123796,3.19563794616309,1.58139238268076,0.0744100898152873,0.0336641487294854,-3.40088792106972,0.164625241002769,0.144287060704123,-0.793995389567964,0.606395086651527,-0.167864163420032,1.55993984404542,-0.781345762517309,-0.585637194518864,-0.220381091927375,0.0517204126756598,0.0497892272783378,-0.51688446365306,-0.870189281345851,-1.26336658643558,0.77,0
155516.0,1.91146480555824,0.450069800822864,-0.574954591927256,3.92056597131894,0.291036722753296,-0.0523803892934313,0.136529322273349,-0.10083993817233,-0.615584445149767,1.38077645841895,-1.63671118730486,-0.19253522900775,-0.151347466110742,-0.0036431454475422,-1.51340636504132,0.491836858962082,-0.556340919274913,-0.472008786182242,-1.29060097763423,-0.300017038424099,0.0684253857045655,0.370268774659216,0.0602778219690391,-0.115442315080828,0.148695503954528,0.10401317314348,-0.0279003468702606,-0.0513773523308424,11.37,0
50554.0,-0.798671774485497,1.18509290816488,0.904547185437142,0.694583749252136,0.219040575098198,-0.319295358148838,0.495236343903129,0.139268600382104,-0.760213608856806,0.17054681233401,0.821998442387764,0.46832176679532,-0.0575502861155432,0.573006314979332,0.358687757777865,-0.0116327063359799,-0.50456991587577,0.722749576258471,0.861540918769592,-0.081298289388587,0.202287281499889,0.578699296051212,-0.0922450213734442,0.0137228520784373,-0.246466055551771,-0.38005716679397,-0.396030194077437,-0.112900666069163,4.18,0
85285.0,-7.03030814445441,3.42199090467553,-9.52507177254752,5.27089100906596,-4.02463027558805,-2.86568161775739,-6.98919473439446,3.79155093755913,-4.62273033596451,-8.40966487562735,6.30904400603177,-8.57676143258937,0.246746716929862,-11.5340460181508,-0.3642651387587,-5.45249465771382,-11.8875700201872,-3.56358481007011,0.876018768156628,0.545698040621445,1.10339774484256,-0.541854751589521,0.0369432219896495,-0.355519004066217,0.353634382097,1.04245799282131,1.35951563156376,-0.272188101257294,0.0,1
36081.0,1.30681709495439,-0.5418983696791,0.166025672779155,-0.632248303076753,-0.698126565040121,-0.418271477879202,-0.424042078182586,-0.0368906740796645,-1.06221747508937,0.697322045599396,1.6402547531313,0.444013709335939,0.0384010326297725,0.0051555355891562,-0.714247591557438,0.361305822763253,0.714338358403298,-1.7039940138317,0.664380154985907,0.0479301226013283,0.250819483883411,0.764576641456469,-0.132647861720525,0.281171927606311,0.660827022324465,-0.0668618696806751,0.003070726795815,-0.0056649439561774,20.0,0
55125.0,-0.391128406506541,-0.245539891457449,1.1220742968905,-1.30872519799771,-0.639891140047357,0.0086780487729283,-0.701303618716238,-0.0273152180810641,-2.62885398152764,2.0513119311392,0.575866440345067,-0.594036626440209,1.09788035031698,-0.338340143537802,0.617523289267047,-0.756389942993804,0.535140720219398,1.01670375383744,2.13382830557166,0.0657158454480811,-0.133485328557116,0.117403426988999,-0.191747896279686,-0.488642102118747,-0.309773631982889,0.0081004405864411,0.163716130219149,0.239582023422834,15.0,0
66406.0,1.28348081223234,1.35302264420823,-1.77637441452811,1.52175823656518,1.1588140756468,-1.52520506718786,0.826378185489203,-0.405620469857098,-0.547825584417423,-1.5757572027773,0.527918043500832,-0.170487346712014,0.841613760313291,-3.58597606245672,1.00945640188275,1.13908285579334,2.47531293159012,1.38622157276401,-0.656027511449674,0.0367709353732756,-0.232948296986253,-0.523908757902666,-0.280757006043432,-0.415167292424875,0.954291115547874,-0.26629152090947,0.0451468440853999,0.0938264786499248,1.0,0
7740.0,1.02387386852139,2.00148526626613,-4.76975183220974,3.81919458538265,-1.2717542273697,-1.7346624268403,-3.05924503160896,0.889804791975203,0.415382113237262,-3.95581234352737,3.57205481558784,-7.18645159050588,0.147242340802109,-5.24930454889762,1.67833367358535,-2.64147310915178,-1.31205856007348,-0.391716050952505,1.11826355175812,0.204137684042271,0.343282648722251,-0.0541956644068491,0.709653952497143,-0.372215866946976,-2.03206836614816,0.366777602071192,0.395170669257609,0.0202055389458413,1.0,1
41991.0,-4.56634156694274,3.35345148012501,-4.57202780762531,3.61611930403552,-2.49313810882875,-1.0899997127127,-5.55143306976649,0.44778308394893,-2.42441402571208,-5.69992228265959,3.58682418337431,-6.63622904939297,-1.1281764439465,-7.24554959537009,0.638325536245456,-6.85681003898144,-8.85187850534679,-4.5918832274368,0.936939858866071,-0.249127726683026,2.67446587862872,-0.0208799797343963,-0.302447083877198,-0.0863964000107124,-0.516059779833395,-0.295102234035121,0.195985145691014,0.141115102721758,1.0,1
28658.0,-28.5242675938406,15.8769229879536,-29.4687320925264,6.44759140152748,-20.7860000418837,-4.86561341755669,-19.5010840750712,18.7488719520883,-3.64298981925263,-7.93964241937325,4.18467368942509,-5.83507521523889,1.21595964527928,-5.33014378246253,-0.118631138153322,-5.36777527618834,-11.4317569116986,-4.69692444373293,0.69268841200477,1.7068890619925,1.80576978392608,-2.11937616760819,-1.31744962200248,0.169845630469178,2.05168733506275,-0.210502000459411,1.30173396497076,0.380246181418509,99.99,1
406.0,-2.3122265423263,1.95199201064158,-1.60985073229769,3.9979055875468,-0.522187864667764,-1.42654531920595,-2.53738730624579,1.39165724829804,-2.77008927719433,-2.77227214465915,3.20203320709635,-2.89990738849473,-0.595221881324605,-4.28925378244217,0.389724120274487,-1.14074717980657,-2.83005567450437,-0.0168224681808257,0.416955705037907,0.126910559061474,0.517232370861764,-0.0350493686052974,-0.465211076182388,0.320198198514526,0.0445191674731724,0.177839798284401,0.261145002567677,-0.143275874698919,0.0,1
142840.0,-3.61385045502803,-0.922135693038651,-4.74988736419275,3.37300132781874,-0.545207025424103,-1.17130106266974,-4.17231457141019,1.51701594293521,-1.77583268078792,-3.75405392305562,2.73157578227581,-3.48937464729063,1.54738008909916,-4.57126773103714,-0.517958568740869,-4.23908653141223,-9.25063451000699,-2.4348278029986,1.98738627690236,-0.320540972806239,0.7867870185412,0.893064859228385,1.03490656705841,0.097671080445461,-1.34555112500186,-0.788328913242689,1.05544197476733,0.0999714026087802,144.8,1
78271.0,0.323701940972641,-2.4522076361641,-0.88430875834207,-0.0102073312881514,0.575348266206899,4.36767479840189,-0.8373518736164,0.954459113356487,-0.235813522170885,0.36625345038706,-0.937473861880661,0.139321897514785,0.251633919473723,-0.356892002243048,-0.318067142326953,-1.31372510968464,-0.255752302629111,1.58524034778271,-0.530112660323474,0.612043045906139,-0.283215777498301,-1.39010927548007,-0.389623760614467,0.981680032908697,0.298997143732849,-0.494221094955883,0.0042364966240021,0.123386793841219,521.99,0
7610.0,0.725645739819857,2.30089443776603,-5.32997618300917,4.007682804682,-1.73041059025206,-1.73219256822244,-3.96859261813707,1.06372815344105,-0.486096552344833,-4.62498495406596,5.5887239146762,-7.14824263637845,1.68045074096412,-6.21025774661028,0.495282117814298,-3.5995402092184,-4.83032424210571,-0.649090120211694,2.2501232487881,0.504646226103286,0.589669127323198,0.109541319229913,0.601045276521079,-0.364700278220039,-1.84307769215194,0.351909298434892,0.594549978086464,0.0993722360416487,1.0,1
58222.0,-1.32278906321956,1.55276821126964,-2.27692070362638,2.99211739124618,-1.94706392017319,-0.480288250384527,-1.36238752318047,0.953242226598613,-2.32962885992389,-3.39355348115172,3.1284396921776,-3.57039373078107,-0.595198191474463,-3.98841505479623,0.995905842419722,-2.84378455855144,-4.82624611607161,-0.703883464864473,2.15221455770756,0.988493486888991,0.614968996752659,-0.195199717277462,0.590711261700839,-0.233377663885038,-0.164285286785183,-0.27749787053455,0.428610084734921,0.246393746180351,270.0,1
128733.0,-0.895189391724357,1.49124385780496,-0.548949559756581,-0.542847345496608,-0.273443059852314,-1.25894994984301,0.29442890405764,0.654136747096796,-0.190774633411363,-0.553083641264218,-1.18905138192096,0.477199942009111,0.144252865157349,0.674635658030773,-0.46457773052804,0.130571935910697,-0.0780339097097434,-0.691378128084321,-0.12863960683901,-0.120531529851324,-0.203556088558888,-0.618293347758664,0.183749270612201,0.0353413889458483,-0.392345449064126,0.14644689513055,0.106535173856377,0.0231422401325097,9.99,0
40086.0,1.08369268125484,1.17950120574809,-1.34615039129229,1.99882440095464,0.818034176163642,-0.771419407716543,0.230307373480955,0.0936831311994367,-0.167594341704434,-1.95980925751416,2.80433477984687,0.312424168769405,-0.595976467281167,-4.66257695501824,-0.299515020029103,1.00141391934549,3.90282478361756,1.61960922680862,-0.888087464222472,-0.0601585380014646,-0.311999618117422,-0.639699711353317,-0.120249014807271,-0.180217694458199,0.609282565276013,-0.339524442352566,0.0967012906089022,0.114971915513805,1.0,1
21662.0,-18.0185611876771,10.5586001882538,-24.6677412485732,11.7861803616399,-10.564656569212,-2.64568119936245,-18.02346767268,2.69365540308048,-6.21946362785238,-12.7447607871859,9.31813768535999,-13.3778574339457,1.02192386777466,-12.7843458873548,-0.451145843251939,-7.55136493140559,-11.3259968724596,-4.70125277749548,0.516317073274611,1.00770320533757,-2.31947946208034,0.908838783150801,1.35290370698024,-1.05922233762791,0.185750941504222,0.687037383632165,2.07808058379956,-1.42951702264525,1.0,1
